GEOID,walk_raw,walk_score
17031010100,13.233424080743612,65.53620042085217
17031010201,15.233551583009355,76.25116918107668
17031010202,15.89323470061838,79.78518588192254
17031010300,14.382643463030456,71.69273282486088
17031010400,14.603473025405359,72.87574833737231
17031010501,13.705633381607498,68.06589310359983
17031010502,14.335977956992892,71.44273904256141
17031010503,15.91689168107405,79.91191970576956
17031010600,14.493269508076338,72.28537235178656
17031010701,12.860263318629418,63.537124909883104
17031010702,15.063605640980816,75.34074449180066
17031020100,14.107006930637462,70.2161085444478
17031020200,16.203266768288376,81.4460719584295
17031020301,14.575690486224172,72.72691330607111
17031020302,15.727526277875215,78.8974621888141
17031020400,13.606845509900475,67.5366723624067
17031020500,13.671181567097824,67.88132981161667
17031020601,14.972910888339845,74.8548797455965
17031020602,13.372134900797608,66.27929409958017
17031020701,16.565792340756456,83.38817323916169
17031020702,14.789964823428553,73.8748115408896
17031020801,14.537631288902931,72.52302474902945
17031020802,14.494898121676188,72.29409706749848
17031020901,13.229367078922483,65.51446648252856
17031020902,14.58088421533989,72.75473685490034
17031030101,14.151522319195234,70.45458384025042
17031030102,10.964063881590167,53.37891364184394
17031030103,13.762204191499851,68.36895101368331
17031030104,10.237654041283719,49.487432355182875
17031030200,15.99841693253694,80.34866212424278
17031030300,14.828098416325215,74.07909864565666
17031030400,16.46506911172858,82.84858451232301
17031030500,15.410398191571652,77.19856172677696
17031030601,12.391590068788904,61.02637535761441
17031030603,10.581791379355916,51.3310252373833
17031030604,12.236421332870554,60.19511427248598
17031030701,12.66666667,62.500000006696425
17031030702,11.125378318644412,54.243098125908794
17031030703,14.329374804825612,71.40736501310018
17031030706,16.971206350091016,85.56003400306615
17031030800,15.128747011014894,75.68971611692092
17031030900,17.37104498605894,87.70202669536896
17031031000,15.135926249648287,75.72817632387864
17031031100,15.391146458454939,77.09542744224156
17031031200,14.907956401951656,74.50690928286477
17031031300,15.11327029033287,75.60680511328202
17031031400,14.051539018187857,69.91895901352085
17031031501,12.616023901474643,62.22869946107331
17031031502,13.310173814553469,65.94735970904584
17031031700,14.631678401587926,73.02684856689481
17031031800,17.0,85.71428569897958
17031031900,14.29611878046503,71.22920773977172
17031032100,14.545111988417014,72.5630999249906
17031040100,16.4622126591615,82.83328208785925
17031040201,14.994919507605946,74.97278306307243
17031040202,15.181532619699246,75.97249616339371
17031040300,14.953440840493256,74.75057591786555
17031040401,15.532596988342558,77.85319813793276
17031040402,14.881833615131232,74.36696578206606
17031040600,16.780161056179345,84.53657707157925
17031040700,14.682902666053742,73.30126426934125
17031040800,15.935342888688037,80.01076546082683
17031040900,15.662804596111153,78.5507388937114
17031050100,18.095608124138135,91.58361493438578
17031050200,17.616203638585638,89.0153766193846
17031050300,15.709412440037537,78.80042377184387
17031050500,15.698392504861468,78.74138840483975
17031050600,16.497085052286984,83.02009847956954
17031050700,15.666666670000001,78.57142857525511
17031050800,16.0,80.35714284279337
17031050900,15.833333330000002,79.46428568223853
17031051000,17.83333333,90.17857139461096
17031051100,17.66666667,89.28571428762754
17031051200,16.503634955135155,83.05518724482133
17031051300,16.078611378775857,80.7782752290174
17031051400,15.302149522659304,76.6186581434215
17031060100,15.187116664318177,76.00241068813266
17031060200,14.747875369149781,73.6493323215793
17031060300,17.08519262912904,86.17067478351794
17031060400,16.345285195523356,82.20688496133818
17031060500,16.5,83.03571427088647
17031060800,12.920071456604264,63.85752564897685
17031060900,12.546493848578994,61.85621703491314
17031061000,15.666657209726273,78.57137789521728
17031061100,15.499999999999998,77.67857141470024
17031061200,15.83333333,79.46428568223851
17031061500,16.83333333,84.82142853842473
17031061800,15.0,74.99999998660714
17031061901,13.103600181785543,64.84071524798671
17031061902,13.942030794170764,69.33230781353403
17031062000,14.355662974189356,71.54819449180937
17031062100,15.824731490825407,79.41820440095428
17031062200,15.065329093342255,75.34997727230672
17031062300,17.0,85.71428569897958
17031062400,18.0,91.07142855516581
17031062500,19.66666667,100.0
17031062600,18.5,93.74999998325893
17031062700,17.948987947324557,90.79814970159616
17031062800,16.005831787081632,80.38838455929653
17031062900,16.218556134209088,81.52797927584726
17031063000,15.303297467997092,76.62480785058713
17031063100,17.307669418537454,87.36251472656448
17031063200,15.627701254491353,78.36268527792461
17031063301,12.316150247118316,60.62223345587986
17031063302,10.307370103621457,49.86091126049693
17031063303,16.526060658178583,83.17532493967538
17031063400,16.456617414861206,82.80330756482729
17031070101,16.566311468526603,83.39095428078697
17031070102,16.103732421345406,80.9128522427588
17031070103,15.715298855559261,78.83195814070461
17031070200,15.356476558082411,76.90969583313618
17031070300,17.58937482479248,88.87165083123261
17031070400,15.948668065746437,80.08215033791267
17031070500,15.230717490826603,76.23598654438608
17031070600,15.343705070330312,76.84127714876216
17031070700,16.964172998649776,85.52235533463765
17031071000,16.0,80.35714284279337
17031071100,17.074797381970512,86.11498595946435
17031071200,17.24938432264616,87.0502731414883
17031071300,16.02036505288856,80.46624134039118
17031071400,17.36048715128155,87.64546686621446
17031071500,16.28288355603682,81.87259046414856
17031071600,17.0,85.71428569897958
17031071700,15.090703109388288,75.48590950110048
17031071800,16.12690873467482,81.03701106414421
17031080100,12.988016639373209,64.22151769945977
17031080201,15.302383324917027,76.61991065551624
17031080202,16.585762923768492,83.49515850527848
17031080300,16.143054142543452,81.12350432056786
17031080400,15.222434070783393,76.19161107987681
17031081000,16.35857698318297,82.27809096664483
17031081100,16.541275525346276,83.2568331566306
17031081201,16.804521448974235,84.66707917581428
17031081202,16.169104998496127,81.26306247743227
17031081300,15.468244115666911,77.50845060580338
17031081401,14.021291264046798,69.7569174735084
17031081402,18.444918089522204,93.4549183200377
17031081403,18.381651435353188,93.11598981562136
17031081500,16.927721121742383,85.32707742266864
17031081600,15.76450770729147,79.09557698922295
17031081700,18.36806547764905,93.04320789936219
17031081800,18.694800894377142,94.79357620295012
17031081900,13.33333333,66.07142854177296
17031090100,15.266662900703153,76.42855124011892
17031090200,16.309575284177985,82.01558186487927
17031090300,16.5,83.03571427088647
17031100100,16.105649551787582,80.92312258441149
17031100200,14.691466822801823,73.34714368048348
17031100300,13.889050841236571,69.04848663715154
17031100400,13.636035575647192,67.69304771459333
17031100500,14.304342140902481,71.27326145639306
17031100600,16.59149690209806,83.52587624632427
17031100700,13.85532535338019,68.86781438081033
17031110100,16.045752420491738,80.6022450953839
17031110200,17.622269799708473,89.04787391110827
17031110300,15.084420641539122,75.45225342334311
17031110400,15.741171724897717,78.97056279785016
17031110501,15.143252681437161,75.76742506559775
17031110502,17.591664047271333,88.88391452308144
17031120100,15.220382478890352,76.1806204090232
17031120200,16.520270637996724,83.14430697442096
17031120300,14.630128046393368,73.01854309263973
17031120400,14.662204560177942,73.19038155931212
17031130100,14.47494113116586,72.1871846183551
17031130200,14.999999655055792,74.99999813869174
17031130300,15.126684536344294,75.67866714547323
17031140100,13.429584659191287,66.58706066234849
17031140200,15.420281172833558,77.251506269242
17031140301,15.916528442663017,79.9099737857108
17031140302,13.451348128112508,66.70365067440564
17031140400,14.000558988889631,69.6458517137577
17031140500,16.499341662480465,83.03218746274673
17031140601,14.500010670477723,72.32148572178752
17031140602,13.313969197091804,65.96769211549758
17031140701,16.166666669999998,81.2500000033482
17031140702,14.334400963475138,71.43429086300354
17031140800,15.790885393978309,79.23688602502006
17031150200,15.70786940214271,78.79215749740878
17031150300,15.458801838840055,77.45786697995423
17031150401,16.131625650414765,81.0622802556037
17031150402,16.34582955476761,82.20980117157474
17031150501,13.456964973041734,66.73374091509254
17031150502,15.326903464642175,76.7512685468775
17031150600,13.960578134273277,69.43166856406546
17031150700,15.204163892804312,76.09373512643492
17031150800,13.435878318022617,66.62077669179601
17031151001,11.41546683962681,55.797143773751266
17031151002,14.580162211072226,72.7508689748957
17031151100,16.000175935908786,80.35808535659027
17031151200,15.092958409077925,75.49799146372138
17031160100,14.62638622731135,72.99849763327535
17031160200,13.284073402963903,65.80753607555528
17031160300,13.70278810847981,68.05065056898994
17031160400,14.7673751365445,73.75379536117521
17031160501,13.425589516741306,66.56565811351312
17031160502,15.341821838654278,76.83118840764234
17031160601,15.650285779710918,78.48367380586497
17031160602,13.86228706000155,68.90510923770383
17031160700,15.414914370815673,77.22275554415133
17031160800,16.08191537569784,80.79597521252485
17031160900,15.852026335358802,79.56442678235707
17031161000,16.494822541171796,83.00797788431177
17031161100,16.058733761871466,80.67178799562002
17031161200,15.5244148238293,77.80936511376242
17031161300,16.417415597480083,82.59329782889449
17031170100,17.0,85.71428569897958
17031170200,14.26068668229925,71.03939292820323
17031170300,14.860131957507656,74.25070690196053
17031170400,14.79823655430097,73.91912438484106
17031170500,13.044101993668276,64.52197495455826
17031170600,13.260767229395018,65.68268157431568
17031170700,13.691146678823667,67.98828576727173
17031170800,14.771371102294262,73.7752023205451
17031170900,16.33331015137259,82.14273293911339
17031171000,15.285334769082848,76.52857910642086
17031171100,14.456575671112985,72.08879822523227
17031180100,15.113320998221695,75.60707676268639
17031190100,12.0,58.92857141804847
17031190200,14.126097408128143,70.31837895955819
17031190300,14.998465337390368,74.99177857977128
17031190401,16.333283322625523,82.1425892136827
17031190402,15.582526760927939,78.12067906244955
17031190601,13.964617443414742,69.4533077201766
17031190602,14.324758039825356,71.38263234346036
17031190701,12.566530009980953,61.963553613833035
17031190702,14.526421328813697,72.46297139141927
17031190800,14.45626724291161,72.08714593129663
17031190900,14.499999999999998,72.32142855851401
17031191000,16.531298404856862,83.20338429687544
17031191100,15.313545362271038,76.67970728418774
17031191200,16.13879592178271,81.10069242363939
17031191301,14.757174688970583,73.6991501063247
17031191302,15.3810907004603,77.04155731013704
17031200100,14.280147982837413,71.14364989535335
17031200200,13.854928446931357,68.86568809626338
17031200300,14.420908533193382,71.89772427212566
17031200401,13.18988748061833,65.30296863450837
17031200402,13.809963173005848,68.62480270027689
17031210100,17.32015767298162,87.42941608964627
17031210400,13.643226683486525,67.73157150658288
17031210501,17.22128579499114,86.89974531479186
17031210502,15.141205670075305,75.75645893330405
17031210601,13.863007647082014,68.90896952563418
17031210602,14.806660164159881,73.96425086622003
17031210700,13.662787023534396,67.83635904253491
17031210800,18.0,91.07142855516581
17031210900,16.284049682137436,81.8788375682579
17031220300,14.66666667,73.21428571906887
17031220400,15.938873753831688,80.0296808098073
17031220500,16.107307446886928,80.93200416529925
17031220601,15.032300750364683,75.17303972067275
17031220602,16.14302424295273,81.12334414418902
17031220701,13.233020388495204,65.5340377838075
17031220702,15.669756927558579,78.58798352645881
17031220901,13.801245322804826,68.57809993135119
17031220902,15.000411402468918,75.00220392840453
17031221000,13.583252361669853,67.41028049690809
17031221100,14.674644814540695,73.25702577910069
17031221200,17.182286712914728,86.69082166084839
17031221300,17.270662875082277,87.16426538666143
17031221400,17.105320956138655,86.27850510676448
17031221500,16.660985852364586,83.89813847982846
17031221600,15.100684030743219,75.5393787226352
17031222200,17.32287551501126,87.44397595765959
17031222500,15.824622196627065,79.4176188963204
17031222600,16.0,80.35714284279337
17031222700,14.843796991238396,74.16319815410512
17031222800,13.83333333,68.74999996986607
17031222900,16.33333333,82.14285711033162
17031230100,14.33333333,71.42857139795919
17031230200,16.333325589121497,82.14281564133965
17031230300,11.833341818475844,58.035759731471344
17031230400,14.665824356104782,73.20977332320244
17031230500,14.968740784153038,74.8325399017426
17031230600,15.63345301258315,78.3934982676966
17031230700,14.87321118462261,74.32077419006384
17031230800,13.166666670000001,65.17857143478955
17031230900,12.470909032769262,61.451298378861885
17031231100,13.000000000000002,64.28571427423469
17031231200,14.250810191919108,70.98648315831906
17031231500,15.083026839946367,75.44478662909754
17031240200,16.66666667,83.92857143144133
17031240300,17.83333333,90.17857139461096
17031240500,17.33332760288033,87.49996928551963
17031240600,15.33333333,76.7857142541454
17031240700,13.66666667,67.85714286288265
17031240800,14.712958511209488,73.462277725504
17031240900,15.0,74.99999998660714
17031241000,13.842984004503872,68.80170001184186
17031241100,13.417585496594294,66.52277943416178
17031241200,17.000176430391228,85.71523086178956
17031241300,15.833333329999999,79.46428568223851
17031241400,16.506232002928957,83.06910000085706
17031241500,17.043686914103517,85.94832273877806
17031241600,16.240341167088268,81.64468480910773
17031242000,15.311008170215052,76.66611518389026
17031242100,16.959221888941958,85.49583153263623
17031242200,16.2497063096674,81.69485521577269
17031242300,13.832797435897925,68.74712910860546
17031242400,15.49997988804206,77.67846367206845
17031242500,13.711092586258832,68.09513884279818
17031242600,13.788966199803752,68.51231891528575
17031242700,15.833333329999999,79.46428568223851
17031242800,16.33333333,82.14285711033162
17031242900,17.08673299874601,86.1789267636074
17031243000,16.116078839740354,80.97899376986278
17031243100,17.978526810340654,90.95639361058271
17031243200,17.466093446510634,88.21121487626924
17031243300,12.208620797070653,60.04618283072739
17031243400,16.800279726926558,84.64435566484863
17031243500,17.510548844135634,88.44936879207494
17031250200,13.51474360391477,67.04326929471425
17031250300,13.55820265062863,67.27608561635407
17031250400,13.992504234192099,69.60270124217148
17031250500,15.022278804624518,75.11935072564575
17031250600,13.208212665877461,65.40113926980762
17031250700,10.628733243347764,51.58249950872328
17031250800,15.619547642662722,78.31900521456475
17031251000,15.5,77.67857141470024
17031251100,10.204340098590452,49.30896480507224
17031251200,12.345033882502946,60.776967216841314
17031251300,12.81954779602113,63.31900603880622
17031251400,12.783632011471877,63.12660005018387
17031251500,11.978376379032772,58.81273059145901
17031251600,12.216366831043727,60.08767944129002
17031251700,15.16666667,75.89285714716199
17031251800,14.088599390241717,70.11749672091679
17031251900,13.810326170649809,68.62674733051205
17031252000,13.155940274222239,65.12110860027607
17031252101,14.83333333,74.1071428260523
17031252102,11.596160128472725,56.76514353525296
17031252201,13.04692471236047,64.53709666183516
17031252202,13.23762694500916,65.55871576512786
17031260100,15.166666669999998,75.89285714716198
17031260200,16.83333333,84.82142853842473
17031260300,15.499999999999998,77.67857141470024
17031260400,15.166666670000001,75.89285714716199
17031260500,15.33333333,76.7857142541454
17031260600,11.748570013533225,57.58162506221698
17031260700,13.770414705536258,68.41293591029907
17031260800,13.992024987003747,69.60013384652004
17031260900,13.113694899293895,64.89479409177179
17031261000,14.433606958894643,71.96575155265599
17031270500,15.166666670000001,75.89285714716199
17031271200,16.33333333,82.14285711033162
17031271300,13.33333333,66.07142854177296
17031271400,15.666666669999998,78.57142857525508
17031271500,14.499999999999998,72.32142855851401
17031271800,16.16666667,81.2500000033482
17031280100,17.943193548203812,90.76710827774058
17031280400,17.5,88.3928571270727
17031280800,14.0,69.64285713042091
17031280900,13.83333333,68.74999996986607
17031281900,15.108854792746738,75.58315066193197
17031282700,15.220555479544704,76.18154719824277
17031282800,16.66666667,83.92857143144133
17031283100,14.560125036492733,72.643526968239
17031283200,17.16666667,86.60714285953443
17031283800,13.87602929872956,68.97872837373357
17031290900,13.093211332709295,64.78506069937389
17031291200,13.58366016780197,67.41246517261547
17031291600,15.66666667,78.5714285752551
17031292200,11.29238278421018,55.137764905565646
17031292400,13.887918345831386,69.04241969748199
17031292500,12.686411635399628,62.60577660703268
17031300500,15.260342364028276,76.39469122222384
17031300600,15.427111912017045,77.28809951486129
17031300700,12.457193362698026,61.37782157492195
17031300800,15.083408235157613,75.44682981772884
17031300900,13.784404918999307,68.48788348240916
17031301100,14.384527129969728,71.70282389774803
17031301200,14.666666670000001,73.21428571906888
17031301600,13.416616450644534,66.51758811657473
17031301701,14.092890803889306,70.1404864368819
17031301702,12.47888957654797,61.49405129195448
17031301801,13.677473387489336,67.91503599227946
17031301802,15.82097772084315,79.39809491891006
17031301803,12.140989943049275,59.68387468424899
17031310200,17.05501127478588,86.00898895670845
17031310300,17.66666667,89.28571428762754
17031310400,15.5,77.67857141470024
17031310500,18.16666667,91.96428571572066
17031310600,16.932405179792934,85.35217059079211
17031310700,17.0,85.71428569897958
17031310800,16.126178281683544,81.03309792312021
17031310900,15.707726615887692,78.79139257104273
17031320101,17.397286110498747,87.84260414769996
17031320102,18.986011801818314,96.3536346353921
17031320400,19.16666667,97.32142857190689
17031320600,17.022904327222093,85.83698745193318
17031330101,15.835838044199807,79.4777037940208
17031330102,16.38669151722508,82.42870454184353
17031330103,17.405505467422017,87.8866364169239
17031330200,15.462026680581113,77.47514291784968
17031340300,13.667071906651792,67.85931377351686
17031340400,17.0,85.71428569897958
17031340500,16.66666667,83.92857143144133
17031340600,16.39772822437834,82.48782975872541
17031350100,11.90640290484864,58.42715840839857
17031350400,13.0,64.28571427423468
17031351000,13.120184219088202,64.92955830494937
17031351100,11.379092413043761,55.602280774234025
17031351400,15.000000000000002,74.99999998660715
17031351500,13.713782502273089,68.10954910715769
17031360200,14.16666667,70.53571429097576
17031380100,16.0,80.35714284279337
17031380200,12.778027638180935,63.0965766218449
17031380600,15.431473635653807,77.31146589148264
17031381200,15.146356734139118,75.78405391935526
17031381400,12.83333333,63.392857113679845
17031381500,15.0,74.99999998660714
17031381700,12.66666667,62.500000006696425
17031381800,14.954447683597659,74.7559697202096
17031381900,15.551026497003944,77.95192764860114
17031390100,11.999999999999998,58.928571418048456
17031390200,14.462150853153231,72.11866527187112
17031390300,15.00673752027189,75.0360938452001
17031390400,13.889217324420361,69.04937851135026
17031390500,14.999996570360993,74.99998161354104
17031390600,14.00424779039829,69.6656131504077
17031390700,14.072119299569467,70.02921052090264
17031400300,16.66666667,83.92857143144133
17031400400,13.665542940213177,67.85112288188289
17031400500,12.732473642577856,62.85253735972913
17031400800,12.077336310215484,59.34287307984315
17031410100,14.271360850763294,71.09657597353612
17031410200,10.33333333,49.99999997321428
17031410500,14.963915534724235,74.80669035123577
17031410600,15.078452467872,75.4202810644178
17031410700,16.666662826762664,83.92855084266988
17031410800,16.117688121878718,80.98761492417391
17031410900,14.909128510723567,74.51318843699889
17031411000,16.521943010916953,83.15326611506345
17031411100,15.780113610542431,79.17918004233816
17031411200,15.367118111966631,76.96670415750575
17031420100,14.0,69.64285713042091
17031420200,14.33333333,71.42857139795919
17031420300,13.66666667,67.85714286288265
17031420400,15.16666667,75.89285714716199
17031420500,12.667961356011899,62.50693582461607
17031420600,12.333430870570215,60.71480822435564
17031420700,12.18683723514351,59.92948517756711
17031420800,13.618495102933004,67.59908089649839
17031421200,14.133215265604909,70.3565103388912
17031430101,10.185849131973951,49.20990605535868
17031430102,13.132979337309228,64.9981035811212
17031430200,12.977692011263342,64.16620719173821
17031430300,13.79566522616636,68.5482065565076
17031430400,13.185611865675012,65.28006355445898
17031430500,14.790193308879726,73.87603557009209
17031430600,14.723561851550837,73.51908133446535
17031430700,12.125929163046823,59.60319193425027
17031430800,12.919355193801598,63.8536885268204
17031430900,13.999897986830513,69.64231063129876
17031431200,14.000188444338985,69.6438666536653
17031431301,12.90311392358685,63.76668172211407
17031431302,13.90494619475569,69.13364031670304
17031431400,13.495901471559572,66.94232929997229
17031440101,11.718254302718359,57.41921946859492
17031440102,12.637457267628333,62.34352106544758
17031440201,12.713432757117069,62.75053261620741
17031440202,14.581751690113297,72.75938404118563
17031440300,12.807660808323863,63.25532574758223
17031440600,12.71330616344646,62.74985443582926
17031440700,11.24880845632907,54.904331006244234
17031440800,12.380915027945422,60.96918763882025
17031440900,11.720722268015995,57.43244071125846
17031450300,14.457821366139235,72.09547159144314
17031460100,11.87800139395357,58.27500745720216
17031460200,11.923643956690615,58.51952118610695
17031460301,12.74158246678028,62.9013346322334
17031460302,10.112531463008517,48.81713282882828
17031460400,10.956973321251436,53.34092849717895
17031460500,12.410232305158472,61.126244481004974
17031460800,12.622869914780622,62.265374532348794
17031461000,19.0,96.42857141135204
17031470100,12.3805345237671,60.96714922357961
17031480100,15.502225856769014,77.69049564738927
17031480200,14.239342580459112,70.92504952550863
17031480300,14.566524687613368,72.677810813522
17031480400,12.752101038679085,62.95768412453836
17031480500,13.85418591672902,68.86171025589444
17031490200,13.138048314025742,65.02525881352625
17031490500,15.179232334474735,75.96017320683605
17031490600,9.666666667,46.42857142206632
17031490700,12.37186390687176,60.92069949022001
17031490800,14.033349111911917,69.82151308706
17031490901,13.546828646670434,67.21515345230318
17031490902,13.632333953094994,67.67321759378153
17031491000,12.894446947602365,63.72025149363405
17031491100,12.872746079006118,63.60399684046063
17031491200,13.637965348393138,67.70338578287334
17031491300,13.125573865696936,64.95843141177671
17031491400,15.544485558815627,77.91688690831283
17031500100,13.953295053207372,69.39265205836223
17031500200,12.131155257324988,59.63118886787829
17031500300,15.166666669999996,75.89285714716196
17031510100,13.077658572389309,64.7017423405317
17031510200,12.25178814947441,60.277436504277645
17031510300,14.011140840076584,69.7025402022491
17031520100,16.0,80.35714284279337
17031520200,11.09647550153279,54.08826160569561
17031520300,13.269710754789708,65.73059331749297
17031520400,14.693729938886072,73.35926751664694
17031520500,13.142864455445785,65.05105957112902
17031520600,14.83333333,74.1071428260523
17031530100,15.02780685646687,75.14896528908163
17031530200,13.85336557228901,68.85731555353803
17031530300,14.08875637840718,70.1183377289459
17031530400,13.611521359066929,67.56172155436538
17031530501,13.805374380490974,68.60021988323732
17031530502,11.16666667,54.46428572241708
17031530503,13.118063041364932,64.91819485286246
17031530600,13.430484096884319,66.5918790785603
17031540101,13.225105668354146,65.49163749734514
17031540102,11.0832773249569,54.0175570883374
17031550100,11.658927681430466,57.101398283180814
17031550200,13.040378514409259,64.50202774424567
17031560100,14.33333333,71.42857139795919
17031560200,13.167770398837916,65.18448426784875
17031560300,14.99999975348248,74.99999866597757
17031560400,16.66666667,83.92857143144133
17031560700,16.87382618133519,85.03835452768166
17031560800,15.537105221266035,77.8773493857328
17031560900,14.795682326106526,73.90544101951613
17031561000,14.228661137390883,70.8678275090819
17031561100,12.956991454167438,64.05531135017283
17031570100,13.5,66.9642857023278
17031570200,14.33333333,71.42857139795919
17031570300,14.709596322748766,73.44426600161049
17031570400,16.44609023903538,82.74691198005615
17031570500,14.507707188434601,72.36271706797773
17031580100,15.795878933312856,79.26363712859322
17031580200,14.136984675298057,70.37670360510089
17031580300,14.83333333,74.1071428260523
17031580400,16.468509831805225,82.86701694130173
17031580501,14.767209634632856,73.75290874379155
17031580502,14.628362135248805,73.00908285436697
17031580600,13.304122621578088,65.91494260382636
17031580700,12.959515421447119,64.06883260345441
17031580800,16.0,80.35714284279337
17031590500,17.0,85.71428569897958
17031590600,12.720572397647771,62.7887806904722
17031590700,14.85239866916697,74.20927857157139
17031600400,14.838306223030234,74.13378332442379
17031600600,16.073744448872404,80.75220239025354
17031600700,14.716263295182946,73.47998192535864
17031600900,15.4698939986958,77.51728926488512
17031610300,13.906629437886735,69.14265769061775
17031610400,14.500000000000002,72.32142855851403
17031610800,12.672570379181717,62.53162702016426
17031611200,13.79166106561127,68.52675569639489
17031611300,16.071809324221103,80.74183565105201
17031611400,13.854292714371516,68.862282386122
17031611500,14.469925304021828,72.16031411580259
17031611600,13.828472925440428,68.72396208830158
17031611700,14.283898589052482,71.16374242864477
17031611800,10.614219418150109,51.50474687374973
17031611900,12.062572978665408,59.26378380369614
17031612000,10.645854949458737,51.674222934301405
17031612100,13.666666670000001,67.85714286288265
17031612200,14.639153701941233,73.06689481878037
17031620100,13.921213391684663,69.22078601452127
17031620200,15.58192325381572,78.11744598863467
17031620300,13.707955979109348,68.07833559021465
17031620400,12.416086772554427,61.157607699192
17031630300,12.623631473192862,62.269454309556494
17031630400,13.666708619657419,67.8573675931902
17031630500,12.500507848256289,61.60986346179978
17031630600,13.595886094502822,67.47796120850118
17031630800,13.50039176806116,66.96638445979792
17031630900,14.538365159586366,72.52695619911857
17031640100,15.333333330000002,76.7857142541454
17031640300,14.37426024022555,71.64782270269976
17031640400,12.490273847719937,61.55503845893626
17031640500,13.916559906877149,69.19585663162832
17031640600,14.811821116562657,73.99189882551566
17031640700,14.66764535156498,73.21952865602319
17031640800,12.755465886507809,62.97571009504617
17031650100,14.047937574782223,69.89966556670839
17031650200,13.537217470113651,67.16366500647247
17031650301,14.940848787188562,74.68311848945959
17031650302,14.693327000257757,73.35710891685278
17031650400,13.396611918693997,66.41042098114454
17031650500,14.863526771134682,74.26889340353064
17031660301,15.5,77.67857141470024
17031660302,13.250696842637616,65.62873307383924
17031660400,11.845217943000696,58.09938182712884
17031660500,11.662050855517798,57.11812957293139
17031660600,13.043541020666256,64.51896974204799
17031660700,15.307230592474967,76.64587816028627
17031660800,12.48310494338816,61.51663361430859
17031660900,13.930567105877879,69.27089519769025
17031661000,14.423067859965796,71.90929209411867
17031661100,12.485086418550797,61.52724865982082
17031670100,12.833285293179237,63.39259977356866
17031670200,14.0,69.64285713042091
17031670300,15.334797072643909,76.7935557325935
17031670400,11.66666667,57.142857150510196
17031670500,13.66666667,67.85714286288265
17031670600,11.668731219554832,57.15391723740911
17031670700,14.918477052403846,74.56326991027716
17031670800,14.105887152650203,70.21010973380285
17031670900,12.445122704787142,61.31315733612519
17031671100,13.5,66.9642857023278
17031671200,13.89572709817428,69.08425229931146
17031671300,12.210868387624494,60.058223494406526
17031671400,12.438057900701967,61.27531017138994
17031671500,14.939382566337809,74.67526373490338
17031671600,13.298439078619374,65.88449505226727
17031671800,12.0,58.92857141804847
17031671900,13.333333329999999,66.07142854177295
17031672000,13.027615973842547,64.43365699122191
17031680500,12.083651753578991,59.37670581214161
17031680600,12.060127000116715,59.25068034718763
17031680900,12.61369624555207,62.216229875776044
17031681000,12.16182370035137,59.79548409834743
17031681100,12.75089624579104,62.951229876924984
17031681200,13.441746065390458,66.65221105268955
17031681300,12.07445677966237,59.327447023311365
17031681400,13.505329094390957,66.99283442227426
17031690300,13.502650874470554,66.97848681556037
17031690400,13.124326193844697,64.95174745542663
17031690500,13.83333333,68.74999996986607
17031690900,11.673623760737822,57.18012727945616
17031691000,11.164086010082814,54.45046075857749
17031691100,13.25746797669109,65.66500700626209
17031691200,14.390809422019286,71.7364790337218
17031691300,13.416783836827676,66.51848482826996
17031691400,13.108295326750794,64.86586781029605
17031691500,12.86174632408916,63.54506958198745
17031700100,15.07958902256881,75.42636975029248
17031700200,13.488715562923174,66.9038333608556
17031700301,14.936797667668353,74.66141606346235
17031700302,14.573645064113936,72.71595568762538
17031700401,14.641642014455366,73.08022506438941
17031700402,14.811977023673785,73.99273404218228
17031700501,13.804697158653477,68.59659190910851
17031700502,11.421961829645612,55.831938363131506
17031710100,13.0,64.28571427423468
17031710200,12.222563887036069,60.120877955528776
17031710300,16.83333333,84.82142853842473
17031710400,12.471387293650745,61.453860490726505
17031710500,13.276445288317177,65.7666711756694
17031710600,11.250353828633,54.91260978644238
17031710700,13.582212207756225,67.40470824380036
17031710800,14.041753438511769,69.86653626526544
17031710900,14.030819265026373,69.80796033588986
17031711000,12.834205272201457,63.397528232615386
17031711100,12.98971951784996,64.23064026272644
17031711200,13.804255870940649,68.59422786779021
17031711300,13.078602916556733,64.70680132714199
17031711400,14.578332194684581,72.74106531567793
17031711500,11.006001869075693,53.60358143190486
17031720100,14.043854070870724,69.8777896529007
17031720200,15.638667780387353,78.42143452378556
17031720300,14.34282713438285,71.47943106428679
17031720400,14.845574138774808,74.1727185873342
17031720500,15.615106407261724,78.29521288206365
17031720600,16.415772518359528,82.58449561932166
17031720700,12.06415790100369,59.272274459078275
17031730100,11.334485105428984,55.36331305491181
17031730201,11.804894456155814,57.883363147641255
17031730202,11.588653311182979,56.724928442636504
17031730300,15.499999999999998,77.67857141470024
17031730400,14.144371348044174,70.41627506623374
17031730500,12.97700909539169,64.16254871385502
17031730600,12.228723037091802,60.15387340225003
17031730700,13.323989261222588,66.02137103047433
17031740100,15.927071955683903,79.96645689116974
17031740200,14.383420254896505,71.69689420985682
17031740300,14.468204862425647,72.15109746439612
17031740400,12.9865904404429,64.21387734804877
17031750100,12.945196241551288,63.99212271116902
17031750200,14.157093937092872,70.48443179326817
17031750300,15.251506877709161,76.34735825980847
17031750400,15.749341439768708,79.01432912750838
17031750500,14.024518992674885,69.77420887687006
17031750600,13.989170965139298,69.58484444367751
17031760801,15.219412614298172,76.17542470585174
17031760802,13.333333330000002,66.07142854177297
17031760803,12.139013431970259,59.67328623204187
17031770201,10.356826741254208,50.12585753348221
17031770202,8.030473426507363,37.66325049242101
17031770300,5.691167461719781,25.131254254725384
17031770400,9.519141194841051,45.63825639278451
17031770500,10.424035548502044,50.48590471510275
17031770601,13.875294626838851,68.97479263146262
17031770602,14.41836371164867,71.88409129956715
17031770700,15.767301065440519,79.11054140787589
17031770800,14.744366716962391,73.63053597057878
17031770901,15.201632702065677,76.0801751760518
17031770902,15.535592031395064,77.86924301142547
17031800100,13.406470234914552,66.46323338945952
17031800200,11.964376368045535,58.7377305326122
17031800300,10.020108122026501,48.32200778794161
17031800400,12.173195639133203,59.85640519895351
17031800500,12.521239939890913,61.720928238394
17031800600,13.189367306483945,65.30018198736039
17031800700,13.16480567588523,65.1686018234622
17031800800,15.33333317903362,76.78571344539694
17031800900,13.823408589200081,68.69683171559028
17031801000,13.48099474379584,66.8624718298237
17031801100,16.19076878833036,81.37911849438065
17031801200,16.034077748942344,80.53970221209475
17031801300,16.592313021917157,83.53024831678293
17031801400,13.634271043258964,67.68359486251524
17031801500,15.318378094960478,76.70559692359083
17031801601,9.811141904189144,47.20254590686996
17031801603,11.491972032276097,56.20699302001355
17031801605,8.814420631567057,41.8629676616337
17031801606,8.172141374507376,38.422185927999834
17031801607,12.51269936301609,61.67517514800134
17031801608,13.182953936875476,65.26582465017829
17031801701,11.11559006931475,54.19066107593783
17031801702,13.850132388429522,68.83999492572244
17031801800,12.591974210618059,62.099861831507475
17031801901,15.543074322798343,77.90932671536446
17031801902,8.625583981948346,40.851342753142674
17031802002,14.865814498109875,74.2811490837527
17031802003,16.16666667,81.2500000033482
17031802004,14.728047932945392,73.54311391336047
17031802100,13.51292454782513,67.03352435137863
17031802200,13.968213708937775,69.47257342833225
17031802300,19.331342151117784,98.20361864916605
17031802402,9.827581396746515,47.290614616983
17031802403,14.66666667,73.21428571906887
17031802404,9.963694859776057,48.01979388308248
17031802503,13.558098675583446,67.27552860718355
17031802504,13.645956675471483,67.74619646364255
17031802505,11.36111647524728,55.50598110748436
17031802506,13.0,64.28571427423468
17031802605,11.921913997487058,58.51025354751812
17031802607,14.66666667,73.21428571906887
17031802608,11.287069067964783,55.10929856854182
17031802609,11.79115230379756,57.80974447430661
17031802610,11.16666667,54.46428572241708
17031802701,12.162457007751096,59.798876816559634
17031802702,10.91717009814816,53.12769694487805
17031802801,9.400457134779884,45.00244892828466
17031802802,13.168157200602833,65.18655642016043
17031802900,9.619243032353303,46.17451623650439
17031803005,12.882679875485978,63.65721360730752
17031803007,11.553685557105014,56.53760118868085
17031803008,10.620940971043911,51.540755192817244
17031803010,9.280846532113932,44.36167784268862
17031803012,16.66666667,83.92857143144133
17031803013,13.598116040076055,67.48990734549852
17031803014,12.05275393213697,59.21118176873177
17031803015,10.777555188330734,52.37975992813254
17031803016,10.16666667,49.107142866230866
17031803017,11.050042670271463,53.8395142954115
17031803100,10.132010224865125,48.921483338755756
17031803200,9.396703106697101,44.982338063559055
17031803300,13.5792880281773,67.38904299605892
17031803400,9.764075594713749,46.95040496329679
17031803500,8.993872113323292,42.82431488515614
17031803603,6.86144444754179,31.400595249080908
17031803604,7.74654650351274,36.142213405221426
17031803605,9.988340847059712,48.151825957792774
17031803607,6.88449817732037,31.524097372872674
17031803608,7.519737619605988,34.9271658130808
17031803611,8.38750961891186,39.57594437996069
17031803612,8.2359495611566,38.764015499273924
17031803613,15.5862250752124,78.14049146039848
17031803614,14.501633054912364,72.33017706697156
17031803615,7.80716887466503,36.46697610776498
17031803616,9.776511975421196,47.0170284313605
17031803701,11.783018611751656,57.76617112406848
17031803702,11.618126039052576,56.88281805619544
17031803800,11.036543201737278,53.76719571399127
17031803901,9.261338481520793,44.25717042881547
17031803902,9.413940072930343,45.07467895407778
17031804000,8.75400731365816,41.539324887179546
17031804102,7.879368999507037,36.85376249077809
17031804104,8.56631622141574,40.53383689320327
17031804105,8.061323049842244,37.8285163316855
17031804106,9.839536903587874,47.35466197505027
17031804108,11.756265146753957,57.622848990177836
17031804109,7.513201366603388,34.89215017200169
17031804202,8.921854893071986,42.438508348164476
17031804203,8.169783839201585,38.40955627457821
17031804204,8.30674717275623,39.14328841848993
17031804305,8.401244368342594,39.64952339475505
17031804306,8.210277886943015,38.62648867315428
17031804308,12.156984278612098,59.76955862474882
17031804309,9.435736356144089,45.191444756987714
17031804312,5.502179380720347,24.118818106694924
17031804313,6.164056011057975,27.66458576858476
17031804314,4.166666790822382,16.96428637637628
17031804315,14.42597759952286,71.92487998460015
17031804316,11.042770338786262,53.800555376747724
17031804403,9.422263776477054,45.11927022307006
17031804404,9.188520331494368,43.86707319660071
17031804405,9.682164641557593,46.51159628575289
17031804406,9.018941390914001,42.95861458651097
17031804505,10.57937417961801,51.31807595307539
17031804506,9.930641786908154,47.84272384989319
17031804508,14.16666667,70.53571429097576
17031804509,9.90939293653762,47.72889072292851
17031804510,12.946747279946951,64.00043184543001
17031804511,14.89057626108297,74.41380138537058
17031804512,8.166666667,38.39285713778698
17031804513,6.334851436397501,28.579561261311685
17031804514,5.702970612762337,25.194485421013507
17031804603,15.16647145809022,75.89181136907406
17031804606,7.539709553068722,35.0341583137549
17031804607,8.709531550228052,41.30106186884651
17031804608,7.462254005567862,34.61921788078868
17031804609,11.93374813967632,58.57365073780642
17031804610,8.506851923758308,40.215278155809635
17031804611,7.550388628139882,35.09136764448305
17031804701,10.379834762925036,50.24911479241106
17031804705,9.29312820095829,44.42747249720021
17031804706,11.612311714337748,56.851669888085844
17031804709,11.649982832165387,57.05347944784073
17031804710,7.459303066125608,34.603409276636576
17031804711,13.578300738738507,67.3837539454949
17031804712,9.417770160961705,45.09519728281356
17031804713,12.20299358222254,60.01603703690359
17031804714,7.011524498372162,32.2045955212429
17031804715,14.05712977774189,69.94890951112639
17031804716,10.677382705400063,51.84312162681406
17031804803,7.41544005963035,34.36842888473965
17031804804,8.28343376178255,39.018395145438944
17031804805,12.796941990763658,63.197903510662826
17031804806,10.390444526814523,50.305952813237454
17031804807,8.192236218455184,38.529836877701015
17031804808,7.553193899814909,35.106395885596584
17031804809,7.505114920711069,34.84882992615772
17031804810,10.317945459072153,49.91756495040125
17031804901,14.96406720452981,74.80750286805122
17031804902,13.174504160450665,65.22055799076774
17031805001,9.339173304837486,44.674142696509
17031805002,13.950915170313234,69.37990268571733
17031805105,10.27428793748093,49.68368537049003
17031805106,9.424985122476345,45.133848862349375
17031805107,16.05698929478184,80.66244263621299
17031805108,13.825909805452959,68.71023108837116
17031805109,12.46443658919263,61.41662457399326
17031805110,8.529514805069581,40.33668644852692
17031805111,13.459976352248072,66.74987330369504
17031805112,14.143674245232248,70.4125405868848
17031805201,14.411013177871927,71.84471344005591
17031805202,13.786660610379514,68.49996754337239
17031805301,14.047976638710844,69.89987483775454
17031805302,13.526538428808683,67.10645585663464
17031805401,13.9846880926862,69.56082905554021
17031805402,16.326438419601143,82.10592009034434
17031805501,16.05990217247153,80.67804733811926
17031805502,14.232505044814566,70.88841987027652
17031805600,16.58853316156392,83.5099990648942
17031805701,12.338876119653493,60.743979201582285
17031805702,14.83333333,74.1071428260523
17031805801,9.806983200370595,47.18026713641743
17031805802,14.193705623316868,70.68056582657597
17031805901,14.459062816821142,72.10212222009503
17031805902,12.074392633231994,59.32710338172013
17031806001,12.439567515321116,61.28339739256251
17031806002,10.607886128023292,51.4708185337907
17031806004,17.197147708520117,86.7704341372916
17031806005,14.025131513929857,69.77749024073539
17031806006,13.506359916916134,66.99835668580101
17031806102,13.068815868589493,64.65437071304115
17031806103,13.639659580777225,67.71246202778649
17031806104,12.51902541842,61.70906473051624
17031806201,17.33365461431623,87.50172113249735
17031806202,15.796195231575364,79.26533158357063
17031806300,13.161943720106668,65.15326991750835
17031806400,14.670341043052362,73.23396986041729
17031806501,14.502532424468063,72.33499511816194
17031806502,14.48849467216104,72.25979287367346
17031806600,15.185783055205508,75.99526635360178
17031806700,14.33479766041281,71.43641602516925
17031806801,16.64967279009626,83.83753278911612
17031806802,15.096754149784417,75.5183257889311
17031806900,17.399840678636412,87.8562893341493
17031807000,15.480554430449539,77.57439872069853
17031807100,16.008220010886163,80.40117861538995
17031807200,15.584209677835501,78.12969468873845
17031807300,16.695141498279394,84.0811151543394
17031807400,15.063094963790482,75.33800872113865
17031807500,18.612494914562646,94.35265131116549
17031807600,15.675585986777953,78.61921062941417
17031807700,16.136786351689818,81.08992686957225
17031807800,17.776615880144107,89.87472791329436
17031807900,14.653892958101672,73.14585511962576
17031808001,17.248928923825716,87.04783350495065
17031808002,16.970033197078497,85.55374925478591
17031808100,16.55385824024523,83.32424055786298
17031808200,14.986728885101737,74.92890472823628
17031808301,15.124348391226755,75.66615208234579
17031808302,14.59931708439298,72.85348436766712
17031808400,15.340071141116962,76.82180967083696
17031808500,14.05222060222957,69.92261035660079
17031808600,12.48631669221731,61.53383941160454
17031808702,17.282971309899875,87.23020343031536
17031808800,15.43930003655388,77.3533930391541
17031808900,16.978370360885958,85.59841263231792
17031809000,14.966518161602295,74.8206329952229
17031809100,14.65060568086035,73.12824470583611
17031809200,15.883891573703451,79.73513341631579
17031809300,15.765452572991764,79.10063876975933
17031809401,16.369549411260788,82.33687183133692
17031809402,17.896747485866797,90.51829008669385
17031809500,17.077306372939354,86.12842698250931
17031809600,14.9143234891671,74.5410186786557
17031809700,16.510827408408908,83.09371824449526
17031809800,15.576342260767092,78.08754781159378
17031809900,16.16666667,81.2500000033482
17031810000,11.998419717828222,58.92010562070117
17031810100,14.098280586382645,70.1693602716625
17031810200,14.206736123565477,70.75037207789534
17031810301,15.810725519025826,79.34317240918422
17031810302,13.684041828475342,67.95022406898393
17031810400,15.428594901324686,77.29604410043652
17031810501,15.09008021242018,75.48257255305764
17031810502,16.368100139353736,82.32910787469338
17031810600,15.442343996317634,77.36969996645702
17031810701,12.991912457808017,64.2423881553568
17031810702,17.219584766776705,86.89063266364472
17031810800,15.111599390522159,75.59785386429766
17031810900,14.970236362352605,74.84055192781027
17031811000,13.025247616407515,64.42096936210794
17031811100,15.27573601983672,76.47715723546864
17031811200,15.094215568336645,75.50472624546333
17031811301,12.433477919463408,61.250774557616325
17031811302,12.698638567502808,62.67127802900231
17031811401,15.636445163998973,78.4095276502785
17031811402,16.248996389332213,81.69105207112058
17031811500,14.849868887800582,74.19572617139674
17031811600,14.163684872069705,70.51974037349488
17031811701,10.766388860293056,52.319940313655664
17031811702,12.14906609741423,59.72713979691066
17031811800,12.94648104392136,63.99900558100745
17031811900,12.468081506822243,61.43615091843413
17031812000,14.88384584170977,74.3777455673063
17031812100,13.936544075336222,69.30291467692567
17031812200,16.07028510705941,80.73367020197296
17031812301,18.374614969881296,93.07829446488581
17031812302,14.310215862556493,71.30472782239107
17031812400,14.255450889112486,71.0113440361363
17031812500,16.607613825609857,83.61221690797919
17031812600,14.907029341377287,74.50194288693154
17031812700,15.883967530026839,79.735540325191
17031812801,15.872379156952903,79.67345975516315
17031812802,15.873970940320712,79.6819871660606
17031812900,15.011168527082402,75.05983138168075
17031813000,15.700474953959722,78.75254438214984
17031813100,15.69340731976086,78.71468205609126
17031813200,15.96133405486283,80.15000385102408
17031813301,13.535357830919033,67.15370265364594
17031813302,14.591852369850411,72.81349482548192
17031813400,13.701820179009065,68.04546523254044
17031813500,15.036880964840318,75.1975765839307
17031813600,14.919620044678462,74.5693930831758
17031813701,14.70320501149705,73.41002683419669
17031813702,15.176768350210478,75.94697329113703
17031813801,15.139491179176066,75.74727416063118
17031813802,14.168064797411786,70.54320425925185
17031813900,14.376803913590397,71.66144952429472
17031814000,14.54379244067067,72.55603091920786
17031814100,13.96755507723892,69.46904504423188
17031814200,13.45377432913002,66.71664817985427
17031814300,16.10164249407072,80.90165620378927
17031814400,14.573865642020204,72.71713735498017
17031814500,16.445734385694617,82.74500562287383
17031814600,13.432829910593503,66.6044459377144
17031814700,13.312220559454227,65.95832441386936
17031814800,15.21006895025843,76.12536936279064
17031814900,14.349215709171316,71.51365557207605
17031815000,13.380189497772381,66.32244372622303
17031815100,14.34301808051241,71.48045398998069
17031815200,14.490687845077177,72.27154201429352
17031815300,15.826665385422212,79.42856455057817
17031815400,15.396928736224151,77.12640393028536
17031815500,14.469252248615293,72.15670846183964
17031815600,14.43856845841149,71.99233101434864
17031815701,11.579352488371757,56.67510260615671
17031815702,12.587840027308513,62.07771442092458
17031815800,15.332861401781779,76.78318606726252
17031815900,15.549640343916193,77.9445018284895
17031816000,16.758996265362807,84.42319426365374
17031816100,15.92468015398304,79.95364366777456
17031816200,13.010844039752989,64.34380734432962
17031816300,15.942313732384534,80.04810926633712
17031816401,15.417421387838592,77.236185992486
17031816402,14.407659014762109,71.82674470911365
17031816500,13.870326871828814,68.94817965819932
17031816600,15.56397023296862,78.02126909125666
17031816700,16.63036053051072,83.73407425564064
17031816800,13.874121735023738,68.96850928245422
17031816900,15.123384211161161,75.66098683199533
17031817000,14.89983001715004,74.46337507857818
17031817101,14.959347558643726,74.78221905080883
17031817102,12.346488125208252,60.78475780276121
17031817200,14.304410160797524,71.27362584868787
17031817300,13.333333329999999,66.07142854177295
17031817400,15.815630322842042,79.36944814390925
17031817500,16.061300776793892,80.68553986127343
17031817600,14.632059496233687,73.02889014535387
17031817700,12.056652450047089,59.23206668610368
17031817900,14.672138437195477,73.24359875761083
17031818000,12.903841878884734,63.77058148263776
17031818100,13.409335466694875,66.47858284542279
17031818200,15.490698957108584,77.62874439921941
17031818300,14.231719427080051,70.88421120384237
17031818401,14.501430248616872,72.32909060467448
17031818402,14.310657254926307,71.3070924243718
17031818500,10.583038835525597,51.337708038291105
17031818600,12.181724140940341,59.9020936014836
17031818700,13.310270710508487,65.94787879451906
17031818800,14.41311401228667,71.85596791013288
17031818900,15.572296392684779,78.06587351829954
17031819000,7.4984270351796365,34.81300196796001
17031819100,13.47741170877129,66.84327699933846
17031819200,15.43297866219271,77.31952853365388
17031819300,18.364203518105004,93.02251883037992
17031819400,11.725534090244782,57.45821833033664
17031819500,17.265078399874003,87.13434855519388
17031819600,15.333864685975945,76.78856080401603
17031819700,13.137971676274887,65.02484825414673
17031819801,14.068821922773946,70.01154600235836
17031819802,9.608600274067479,46.117501459983366
17031819900,7.620017177568118,35.464377730639136
17031820000,9.514825330049511,45.61513568854825
17031820101,7.55921842574768,35.13867013165923
17031820103,11.592984048836719,56.74812882292025
17031820104,13.215012654821741,65.43756778200262
17031820202,5.760255067869504,25.50136643046138
17031820203,6.941022166527787,31.82690445785834
17031820204,12.279877590661773,60.42791565346879
17031820300,14.657806794976542,73.16682210288026
17031820400,14.877269632110586,74.34251587303126
17031820501,9.786981977225214,47.07311772672916
17031820502,16.03956287238832,80.56908680197866
17031820603,7.446254089316413,34.53350404374265
17031820604,14.696913810186457,73.37632397003881
17031820605,11.70921539008011,57.370796722327235
17031820606,13.528519542124732,67.11706896368301
17031820700,13.313623172858003,65.9658384142454
17031820800,11.858720039537829,58.17171448713627
17031820901,13.112354944571209,64.88761576290155
17031820902,16.168000333012664,81.25714462662906
17031821001,15.529555044932513,77.83690201252472
17031821002,12.914195560159357,63.82604763231332
17031821101,13.58527513515253,67.4211167834205
17031821102,15.555493941147786,77.97586038508173
17031821200,14.523638507079163,72.44806341784407
17031821300,13.703878474010404,68.05649181290279
17031821401,14.242227273882097,70.94050324027185
17031821402,14.67470487088184,73.25734750949961
17031821500,11.5,56.249999989955356
17031821600,14.529394978709389,72.47890165871478
17031821700,15.36506285632825,76.95569385944495
17031821800,16.213989713306002,81.50351630672795
17031821900,14.306913838718948,71.28703840897882
17031822000,13.461463167054362,66.75783838301304
17031822101,15.576470719718747,78.08823598454896
17031822102,15.577939957015083,78.09610689863507
17031822200,12.319985843043987,60.64278129119229
17031822301,12.723077470794275,62.80220072518322
17031822302,16.581455558618668,83.47208333483714
17031822400,14.41076212942917,71.84336853768423
17031822500,15.752264994925902,79.0299910301334
17031822601,9.366658318734734,44.821383842360824
17031822602,12.790422460112845,63.162977453611134
17031822701,12.835151811446872,63.40259897857206
17031822702,16.542203116075438,83.2618023926788
17031822801,16.05798661536787,80.66778542506576
17031822802,13.776062589396728,68.44319243097475
17031822900,17.5,88.3928571270727
17031823001,11.505106288146344,56.27735510502016
17031823002,13.713364393746348,68.10730924005055
17031823101,13.90129713736586,69.11409179497531
17031823102,14.632452267704984,73.03099427823545
17031823200,11.581205250226816,56.68502811609275
17031823302,11.12245819024323,54.22745458090525
17031823303,13.44743416159261,66.68268299662422
17031823304,15.29921182789511,76.60292049290184
17031823400,13.408843228340471,66.47594585423896
17031823500,16.293169436771617,81.92769339664657
17031823602,9.5523858319166,45.81635266280029
17031823603,15.170541597487684,75.91361568727088
17031823604,12.317530143322966,60.62962575697488
17031823605,9.71942971772394,46.711230622322674
17031823702,13.423166153539851,66.55267581065051
17031823703,15.620826045515642,78.3258538012756
17031823704,10.61108688438495,51.487965442867946
17031823705,14.23014039541507,70.87575210563863
17031823801,5.365661315909138,23.38747133105119
17031823803,12.811269763804773,63.27465943765509
17031823805,11.399809116972166,55.713263116687806
17031823806,14.537677843913784,72.52327415087325
17031823901,8.788827220521133,41.725860102483594
17031823903,7.668377869545345,35.723452866185156
17031823904,11.095471441956414,54.08288271510885
17031824003,9.226866810050694,44.07250076025863
17031824004,6.9860774032444795,32.06827179736894
17031824005,8.845757361354382,42.03084299975011
17031824006,6.251207286208596,28.131467599665434
17031824105,8.592337421601139,40.673236179885876
17031824106,10.489090874270097,50.834415388797936
17031824107,10.835906517545682,52.69235633458538
17031824113,6.9984106051210295,32.13434252169581
17031824114,13.743012535435513,68.26613857049986
17031824115,9.817884334435378,47.238666068896904
17031824116,11.704225600508368,57.3440657067691
17031824119,9.80970664095923,47.19485699671108
17031824121,9.616672951819034,46.1607479479304
17031824122,7.080159300424647,32.57228196074413
17031824123,11.611454656472217,56.84707850666418
17031824124,12.817915249806541,63.31026025551535
17031824125,9.41007748486999,45.05398651804388
17031824126,8.015958559157262,37.58549227448792
17031824127,9.371059945431892,44.8449639853771
17031824128,7.229416176786891,33.371872369684795
17031824129,8.923212239096651,42.44577984472388
17031824300,13.223906701823031,65.48521446235816
17031824400,12.333599718488088,60.715712766772654
17031824503,5.724693964015079,25.310860516989553
17031824505,12.507224592878929,61.64584602227179
17031824507,14.989899291203558,74.94588904663586
17031824508,13.401377427046038,66.43595049016878
17031824509,6.708885244731574,30.5833138056007
17031824601,11.384401093691794,55.6307201348434
17031824602,11.080695020898661,54.003723316599306
17031824701,15.380803591717797,77.04001922758819
17031824702,13.131064431225825,64.98784515567623
17031824800,12.048231761126488,59.186955852608506
17031824900,10.635093692334618,51.61657334257534
17031825000,13.653292360838973,67.78549477810422
17031825200,7.361249501726406,34.07812232459179
17031825302,5.657963187970821,24.953374216816293
17031825303,14.835045752233384,74.11631651658664
17031825304,8.948037367484734,42.57877160392201
17031825400,11.798234397276582,57.847684260794594
17031825501,9.722075484900591,46.7254043750522
17031825503,10.65519670715289,51.72426806479685
17031825504,11.17045646399258,54.48458819023085
17031825505,9.068243974511848,43.222735570023694
17031825600,12.652731954336401,62.42534974422619
17031825700,11.800557293638306,57.860128348444476
17031825801,10.147048884568356,49.00204758715154
17031825802,13.604415676280981,67.52365539659031
17031825803,14.575026178931187,72.72335451700218
17031825900,14.819543260463153,74.03326745354666
17031826000,13.961348205844992,69.43579394748463
17031826100,14.130274580023878,70.34075666613849
17031826201,10.677189002233963,51.84208393128157
17031826202,9.331998498162097,44.63570623218342
17031826301,13.39758006689193,66.41560748934683
17031826303,11.3940287081823,55.68229664103333
17031826304,12.950106863714208,64.01842961560853
17031826401,11.971279956065645,58.77471403985618
17031826402,13.47864079709949,66.8498614010955
17031826500,14.865636947753112,74.28019792112734
17031826600,13.727130167149243,68.18105445469574
17031826700,12.967078777764836,64.10935058372065
17031826800,12.52441002448677,61.7379108344402
17031826901,16.0,80.35714284279337
17031826902,12.736948940282412,62.876512168856394
17031827000,13.327105852093762,66.0380670529955
17031827100,13.685421613677054,67.95761577542035
17031827200,13.951692352520501,69.38406616182695
17031827300,15.87399935532231,79.6821393892834
17031827400,15.661231762632251,78.54231300007592
17031827500,13.8425130443031,68.79917701076675
17031827600,11.77589478028466,57.72800774121638
17031827700,14.08936428142025,70.12159435222962
17031827801,15.895067987881937,79.79500706368984
17031827802,15.246156366381596,76.31869480627307
17031827804,11.58570023540101,56.70910839380735
17031827805,12.102345515414921,59.47685096481621
17031827901,14.92078765851025,74.57564815727353
17031827902,9.283488909203207,44.37583343423578
17031828000,10.919631936848821,53.14088536648638
17031828100,11.058235432674724,53.883404093992546
17031828201,13.230288681698584,65.5194036402568
17031828202,9.096166439664097,43.37232020474118
17031828300,12.826698474515736,63.357313245020485
17031828401,15.052539081679292,75.28145935269595
17031828402,14.118304058662028,70.27662887314004
17031828503,9.858115958119527,47.45419262430921
17031828504,5.983466990273792,26.697144585985104
17031828505,11.499383358054518,56.246696550962284
17031828507,5.9280661305513345,26.40035426609637
17031828508,5.722016454052119,25.29651671361911
17031828601,9.402875701124092,45.01540553369774
17031828602,9.618910872573945,46.172736809115285
17031828701,12.483331960833697,61.51784977919519
17031828702,5.382256642119784,23.47637486430663
17031828801,6.696671868829387,30.51788500613638
17031828802,11.690025288027377,57.26799260420594
17031828900,13.814360809780597,68.64836146870884
17031829000,13.09940117647302,64.81822057667364
17031829100,12.581461489178242,62.04354368094709
17031829200,12.750516986507904,62.949198130765694
17031829301,10.5684555881801,51.25958349895418
17031829302,15.242830438432941,76.30087733512273
17031829401,10.83333333,52.678571401307394
17031829402,9.656627692019695,46.37479119896715
17031829500,14.48402298683629,72.23583741658086
17031829600,14.638783979921982,73.06491416510616
17031829700,9.699608191495921,46.605043874691525
17031829800,12.668968327857776,62.51233031664659
17031829902,6.014037978220113,26.860917735668295
17031829903,10.198251274784408,49.27634610611712
17031829904,6.504297789046049,29.48730957890967
17031830001,5.666666667,24.999999997321428
17031830003,5.431786951078815,23.7417158051112
17031830004,10.628493114902938,51.58121310634052
17031830005,12.775581058607992,63.08346994556362
17031830006,14.069601790938629,70.01572386752557
17031830007,8.35577412649392,39.405932813466364
17031830008,5.520832853815067,24.218747426827367
17031830100,12.400920029047134,61.07635728756029
17031830201,10.506146384242967,50.925784192207715
17031830202,7.5996287999039716,35.355154278886424
17031830300,15.500184344447675,77.67955897424119
17031830400,9.596156515021846,46.05083846510795
17031830500,11.852635196936317,58.139117116062565
17031830600,14.161742829016362,70.50933657142527
17031830700,15.4537016959162,77.43054478572418
17031830800,17.16751702154421,86.61169831423474
17031830900,17.469406303909484,88.22896232661705
17031831000,17.570047642003335,88.76811235202355
17031831100,14.523873636069114,72.44932303743286
17031831200,14.028373634176422,69.79485874205317
17031831300,15.166666670000001,75.89285714716199
17031831400,14.92262591440531,74.58549595670961
17031831500,16.375452398061892,82.36849497490861
17031831600,15.318089783679756,76.70405239887297
17031831700,17.49740787622222,88.3789707496942
17031831800,17.720223773880015,89.5726273440764
17031831900,17.585245473841766,88.84952930828632
17031832000,13.999999999999998,69.6428571304209
17031832100,16.280013996154747,81.85721782192591
17031832200,17.460296985678344,88.18016240753039
17031832300,18.833331383638296,95.53570382385949
17031832400,14.666036038665201,73.21090733691877
17031832500,18.038537784208344,91.27788097053079
17031832600,17.276227453028653,87.19407562565455
17031832900,15.007824263116452,75.04191568186637
17031833000,18.77382855309986,95.21693866031765
17031833100,18.558712742793094,94.06453253388005
17031833300,18.0,91.07142855516581
17031833900,15.272729067762379,76.4610485636447
17031834000,12.72849728737944,62.83123545688427
17031834200,14.913108233904081,74.53450838260498
17031834300,13.291673004331217,65.84824822573005
17031834400,12.391975272567064,61.02843894928276
17031834500,12.66666667,62.500000006696425
17031834600,13.688443728462087,67.97380567605157
17031834700,13.289244460687321,65.8352381704972
17031834800,14.636399843202312,73.05214200411021
17031834900,13.000371100899358,64.2877023147666
17031835000,13.57898766217036,67.38743389245059
17031835100,16.740832446619088,84.32588809182977
17031835200,16.16666667,81.2500000033482
17031835500,14.696229454014205,73.37265777625954
17031835600,14.081059665963465,70.07710534086193
17031835800,13.83333333,68.74999996986607
17031836000,14.861795386677882,74.25961812965657
17031836100,12.774774167107639,63.079147312526786
17031836200,14.0,69.64285713042091
17031836300,11.120015451534506,54.21436848068228
17031836400,13.21972028938959,65.4627872528973
17031836500,12.767928684558454,63.04247508459127
17031836600,16.97475648473146,85.57905258149371
17031836700,14.12158828538664,70.29422294487588
17031836800,14.261130061089679,71.04176817172295
17031836900,12.417680094915298,61.16614335469514
17031837000,15.734657707892012,78.93566627818296
17031837100,15.781225597913984,79.18513711754184
17031837300,15.06556701009363,75.35125182633172
17031837400,15.052442230346278,75.28094050626918
17031837800,17.5,88.3928571270727
17031838000,14.96131071432784,74.79273595625759
17031838100,16.325293667757002,82.0997874911804
17031838200,15.293942223858055,76.57469047127981
17031838300,16.468138271720683,82.86502644084919
17031838600,13.751004100292487,68.30895052508315
17031838700,14.471450314176865,72.16848381306026
17031838800,9.691011768284458,46.558991607495486
17031839000,16.409791891859705,82.55245654879262
17031839100,18.236493491171824,92.33835797193149
17031839200,15.69013143248973,78.69713265999906
17031839500,12.66666667,62.500000006696425
17031839600,15.363192302182341,76.9456730336651
17031839700,16.23560420306308,81.61930821612019
17031839800,14.447006048916046,72.03753239204353
17031839900,14.412273281975743,71.85146399775371
17031840000,14.74233416823138,73.6196473166646
17031840100,15.25317685850053,76.35630458547492
17031840200,17.16666667,86.60714285953443
17031840300,15.65235730855115,78.4947712817928
17031840400,17.441429866688924,88.0790885558194
17031840700,16.19979572791899,81.42747709931109
17031840800,13.49824039300376,66.9548592362782
17031841000,16.829672578275233,84.80181736847413
17031841100,18.279721824714116,92.56993833015241
17031841200,15.141110013292165,75.7559464862516
17031841300,15.021606505119225,75.11574912115374
17031841500,14.094881078262675,70.15114862102305
17031841700,15.5,77.67857141470024
17031841800,15.066778535820514,75.35774214272458
17031841900,18.888601568646035,95.83179410063379
17031842000,14.859510585261662,74.24737812207186
17031842100,11.694965843668749,57.2944598665657
17031842200,19.16666667,97.32142857190689
17031842300,19.102767333757043,96.97911069923788
17031842400,15.902867493491572,79.83679012944827
17031842500,12.33333333,60.71428568558673
17031842600,12.649978854015885,62.41060099251177
17031842800,14.810458813639874,73.98460077414492
17031842900,16.89842107989305,85.17011291278953
17031843000,15.985672415943174,80.28038792821694
17031843100,13.876725356437811,68.98245725431283
17031843200,13.499840845193539,66.96343308729334
17031843300,15.33333333,76.7857142541454
17031843400,14.33333333,71.42857139795919
17031843500,11.66666667,57.142857150510196
17031843600,14.58046892562915,72.7525120885932
17031843700,18.395301660148974,93.18911601987145
17031843800,13.914695302236627,69.18586767819873
17031843900,14.63292469725792,73.03352515084
17031844600,12.322860653074418,60.6581820592097
17031844700,14.21203059591113,70.77873532259913
17031980000,9.166696183478289,43.75015811796402
17031980100,5.333333333,23.214285708354588
17031990000,1.0,0.0
